{
    "results": {
        "baseline": {
            "AUC": 0.7173831564571365,
            "PR_AUC": 0.025225253283226813,
            "F1": 0.06116207951070336,
            "threshold": 0.12878787878787878,
            "Precision@1%": 0.03424657534246575,
            "Precision@5%": 0.023287671232876714
        },
        "best_ratio": 0.01,
        "best_threshold": 0.14363636363636365,
        "test": {
            "AUC": 0.748459936290125,
            "PR_AUC": 0.006978752220868923,
            "F1": 0.009235742322789195,
            "threshold": 0.14363636363636365,
            "Precision@1%": 0.0136986301369863,
            "Precision@5%": 0.010958904109589041
        }
    },
    "config": {
        "train_path": "./data/processed/train.csv",
        "val_path": "./data/processed/val.csv",
        "test_path": "./data/processed/test.csv",
        "target": "misstate",
        "ratios": [
            0.01,
            0.05,
            0.1
        ],
        "epochs": 300,
        "batch_size": 32,
        "random_state": 42
    }
}