{
  "feature_cols": [
    "dch_wc",
    "ch_rsst",
    "dch_rec",
    "dch_inv",
    "soft_assets",
    "ch_cs",
    "ch_cm",
    "ch_roa",
    "issue",
    "bm",
    "dpi",
    "reoa",
    "ebit",
    "ch_fcf"
  ],
  "n_train": 66931,
  "n_test": 34977,
  "n_train_fraud": 264,
  "n_train_nonfraud": 66667,
  "fraud_rate_train": 0.0039443606101806335,
  "fraud_rate_test": 0.002058495582811562,
  "train_years": [
    1991,
    1992,
    1993,
    1994,
    1995,
    1996,
    1997,
    1998,
    1999,
    2000,
    2001
  ],
  "test_years": [
    2003,
    2004,
    2005,
    2006,
    2007,
    2008
  ],
  "winsorize_bounds": {
    "dch_wc": {
      "lower": -0.5838447201,
      "upper": 0.4722610272999997
    },
    "ch_rsst": {
      "lower": -1.2052824898,
      "upper": 1.4031111188999967
    },
    "dch_rec": {
      "lower": -0.2984836963,
      "upper": 0.35771482319999914
    },
    "dch_inv": {
      "lower": -0.222021888,
      "upper": 0.268206186
    },
    "soft_assets": {
      "lower": 0.013717141900000002,
      "upper": 0.9661832814999999
    },
    "ch_cs": {
      "lower": -1.9616030167999998,
      "upper": 6.567314073399985
    },
    "ch_cm": {
      "lower": -10.412837491,
      "upper": 9.616906298799961
    },
    "ch_roa": {
      "lower": -1.1859958160999997,
      "upper": 1.0961144312999995
    },
    "issue": {
      "lower": 0.0,
      "upper": 1.0
    },
    "bm": {
      "lower": -7.034304207,
      "upper": 4.4372808177999845
    },
    "dpi": {
      "lower": 0.21436851010000002,
      "upper": 3.8279074348999846
    },
    "reoa": {
      "lower": -37.50735158299999,
      "upper": 0.78457252
    },
    "ebit": {
      "lower": -4.490312268399999,
      "upper": 0.42415850939999933
    },
    "ch_fcf": {
      "lower": -1.499947705,
      "upper": 1.5081808809999895
    }
  }
}